-50.0871,13.7087,-15.5063,-13.6893,5.95346,-4.93665,0.220106
-51.4474,14.3234,-15.9778,-13.4517,6.0505,-4.3521,0.226854
-52.7825,14.944,-16.3923,-13.2067,6.13083,-3.82255,0.213522
-54.0943,15.5807,-16.7562,-12.9636,6.20401,-3.3548,0.200225
-55.3811,16.2222,-17.0749,-12.7217,6.25985,-2.95085,0.186156
-56.6437,16.8738,-17.3575,-12.4843,6.30632,-2.6114,0.1694
-59.578,18.4499,-17.9189,-11.9287,6.37095,-2.0247,0.0996078
-60.7618,19.1068,-18.1168,-11.7027,6.38087,-1.85876,0.0771134
-61.9217,19.767,-18.3019,-11.4818,6.3899,-1.73327,0.056651
-63.0592,20.4231,-18.4751,-11.2654,6.38984,-1.64033,0.0372906
-64.1745,21.0838,-18.6388,-11.0564,6.38434,-1.57449,0.0114292
-65.2691,21.7387,-18.7961,-10.8554,6.37191,-1.52821,-0.00149722
-66.3435,22.3887,-18.9491,-10.6559,6.37664,-1.49157,-0.0143832
-67.398,23.039,-19.0989,-10.4531,6.39668,-1.46467,-0.0255066
-68.4329,23.6978,-19.2463,-10.2488,6.43632,-1.44582,-0.0208729
-69.4471,24.3571,-19.3924,-10.0483,6.47835,-1.44249,-0.040511
-70.4399,25.0251,-19.5388,-9.85154,6.52488,-1.45477,-0.052857
-71.4137,25.6937,-19.6867,-9.66048,6.56504,-1.48497,-0.0529983
-72.3701,26.3718,-19.8365,-9.47529,6.60206,-1.52748,-0.0664376
-73.308,27.0479,-19.9919,-9.29592,6.63158,-1.58272,-0.0773034
-74.2273,27.7323,-20.1509,-9.12013,6.66186,-1.64094,-0.0812308
-75.1295,28.414,-20.317,-8.95157,6.68622,-1.70121,-0.085055
-76.0158,29.1009,-20.4885,-8.78996,6.71532,-1.76274,-0.086778
-76.8866,29.7867,-20.6661,-8.64115,6.74756,-1.81038,-0.0614162
-79.6429,32.0537,-21.2791,-8.19699,6.88068,-1.90869,-0.0377162
-80.4557,32.7526,-21.471,-8.07684,6.92617,-1.92872,-0.0351017
-81.2563,33.4575,-21.6644,-7.95911,6.9747,-1.95134,-0.0406142
-82.0462,34.1672,-21.8602,-7.84594,7.02518,-1.97732,-0.0424965
-82.8252,34.8833,-22.059,-7.73256,7.0765,-2.00746,-0.0461627
-83.5884,35.5993,-22.2586,-7.53369,7.03366,-1.97267,0.0391009
-84.332,36.3129,-22.4475,-7.3614,6.99619,-1.81481,0.17051
-85.0606,37.0217,-22.6159,-7.23406,6.97701,-1.55731,0.264154
-85.778,37.7329,-22.7535,-7.13983,6.98302,-1.23009,0.295976
-86.4868,38.4418,-22.8595,-7.05489,6.99985,-0.921188,0.267942
-87.1874,39.1554,-22.9364,-6.97148,7.02886,-0.657119,0.22857
-87.88,39.8684,-22.9895,-6.89444,7.06405,-0.43323,0.200521
-88.5652,40.5822,-23.0228,-6.81814,7.10729,-0.24797,0.161276
-89.4585,41.5346,-23.0425,-6.7253,7.17897,-0.0573283,0.121278
-89.914,42.0291,-23.0438,-6.67933,7.21971,0.02338,0.104308
-90.5781,42.7618,-23.0358,-6.61414,7.28535,0.120679,0.0713333
-91.2357,43.5019,-23.0188,-6.55439,7.35504,0.189106,0.0597993
-91.8877,44.2487,-22.9954,-6.497,7.42683,0.238112,0.0375638
-92.5343,45.0031,-22.9673,-6.44015,7.50027,0.267167,0.0172711
-93.1757,45.7642,-22.9363,-6.38476,7.57194,0.281975,0.00434067
-93.8121,46.5342,-22.9032,-6.32603,7.64218,0.283654,-0.00747893
-94.4427,47.3092,-22.8717,-6.26816,7.71228,0.269991,-0.0136672
-95.0686,48.093,-22.84,-6.21267,7.78344,0.251851,-0.0241391
-95.6886,48.8814,-22.8103,-6.15661,7.85205,0.23329,-0.0244243
-96.3046,49.6782,-22.779,-6.10354,7.91616,0.207635,-0.0317887
-98.3089,52.3523,-22.7086,-5.9246,8.09781,0.1055,-0.0300027
-98.9026,53.168,-22.6944,-5.87651,8.14302,0.0779398,-0.0329768
-99.4919,53.9895,-22.6818,-5.824,8.1857,0.0504387,-0.0291881
-100.076,54.8142,-22.6729,-5.77329,8.22217,0.0182069,-0.020701
-100.653,55.6437,-22.6667,-5.72334,8.25964,-0.00840273,-0.021156
-101.225,56.4763,-22.6637,-5.67563,8.28907,-0.0326717,-0.0216282
-101.792,57.3125,-22.6622,-5.62283,8.32932,-0.0446916,-0.00511664
-102.354,58.154,-22.6606,-5.54929,8.39991,-0.0288128,0.0153533
-102.907,59.0067,-22.6543,-5.43454,8.52663,0.027575,0.0467027
-103.446,59.8758,-22.6401,-5.26483,8.71842,0.124666,0.056711
-103.963,60.7647,-22.6172,-5.02647,8.96876,0.226652,0.0314156
-104.453,61.6784,-22.5851,-4.71143,9.25074,0.343618,0.0359851
-104.909,62.6203,-22.535,-4.34288,9.54694,0.499869,0.0420231
-105.326,63.5911,-22.4678,-3.93064,9.84759,0.686596,0.0207563
-105.927,65.2879,-22.3169,-3.1546,10.3482,0.987876,-0.0869521
-106.026,65.6204,-22.2834,-2.99102,10.4401,1.03261,-0.119265
-106.303,66.6867,-22.1671,-2.44472,10.726,1.12446,-0.231672
-106.522,67.7813,-22.0461,-1.82762,10.9887,1.1267,-0.352308
-106.677,68.9011,-21.9278,-1.12923,11.2108,1.03569,-0.465538
-106.758,70.0393,-21.8236,-0.352923,11.3692,0.855587,-0.553927
-106.761,71.1895,-21.7386,0.485754,11.4447,0.609288,-0.600377
-106.68,72.3424,-21.678,1.34065,11.4267,0.360381,-0.592294
-106.514,73.4895,-21.6409,2.18125,11.3197,0.130013,-0.574357
-106.267,74.6232,-21.6239,2.99701,11.1313,-0.0709761,-0.542055
-105.937,75.7312,-21.6294,3.77203,10.8651,-0.247879,-0.515474
-105.529,76.807,-21.6539,4.4969,10.5338,-0.406148,-0.482248
-105.055,77.8565,-21.6867,5.15676,10.1592,-0.536632,-0.453577
-104.516,78.8654,-21.7333,5.74549,9.75294,-0.645593,-0.406431
-103.924,79.8374,-21.7846,6.26413,9.32888,-0.730928,-0.36361
-103.282,80.7651,-21.845,6.72175,8.89946,-0.791289,-0.31805
-102.595,81.6518,-21.9096,7.12755,8.46982,-0.826056,-0.283455
-101.868,82.4947,-21.9778,7.48937,8.04335,-0.832362,-0.24757
-101.104,83.2951,-22.0443,7.81491,7.61429,-0.819221,-0.232508
-100.308,84.0524,-22.1089,8.11001,7.18907,-0.793781,-0.205141
-99.4853,84.7666,-22.172,8.37334,6.76421,-0.758929,-0.190065
-98.6388,85.4398,-22.2314,8.61114,6.34438,-0.718581,-0.173925
-97.7688,86.066,-22.2907,8.82262,5.92707,-0.678375,-0.158791
-96.8779,86.6468,-22.3483,9.01327,5.51434,-0.634684,-0.143494
-95.9672,87.193,-22.3966,9.18143,5.11329,-0.584907,-0.131674
-95.0404,87.6971,-22.4414,9.3279,4.71874,-0.537691,-0.122775
-94.0999,88.1579,-22.4845,9.4546,4.32931,-0.496141,-0.119132
-93.1479,88.5775,-22.5248,9.56282,3.95184,-0.457422,-0.107995
-92.1825,88.9662,-22.558,9.65817,3.59194,-0.410739,-0.0886033
-91.2077,89.3191,-22.5866,9.74138,3.24564,-0.362078,-0.0822147
-90.2256,89.6417,-22.6089,9.81506,2.91027,-0.312926,-0.0705172
-89.2374,89.9312,-22.6271,9.876,2.58424,-0.272654,-0.0682641
-88.2409,90.1891,-22.6402,9.92676,2.26718,-0.233223,-0.0689201
-87.2379,90.4157,-22.6495,9.97382,1.96106,-0.196899,-0.0618385
-86.231,90.6114,-22.6559,10.0178,1.66498,-0.163101,-0.0592275
-85.2199,90.7784,-22.6586,10.0542,1.37723,-0.129345,-0.0584356
-84.2072,90.9121,-22.6613,10.0852,1.09377,-0.103818,-0.0537848
-83.1937,91.0144,-22.6642,10.1016,0.8152,-0.0859064,-0.0525265
-82.1755,91.0953,-22.6625,10.1111,0.549503,-0.0743448,-0.0625003
-81.1577,91.1479,-22.6612,10.1132,0.29114,-0.0694384,-0.0575511
-80.1369,91.1776,-22.6557,10.1133,0.0430816,-0.0628784,-0.0503237
-79.1169,91.1813,-22.6508,10.1084,-0.193847,-0.0607773,-0.0541989
-78.0987,91.1647,-22.6445,10.0922,-0.419603,-0.0618851,-0.0521409
-77.0838,91.1257,-22.6399,10.0689,-0.633941,-0.068295,-0.0541862
-76.0713,91.0656,-22.637,10.0406,-0.837414,-0.0752728,-0.0477257
-75.062,90.985,-22.6359,10.0096,-1.03308,-0.081665,-0.0427001
-74.0545,90.8842,-22.6347,9.97692,-1.21948,-0.0879487,-0.0419541
-73.0501,90.764,-22.6334,9.94161,-1.3969,-0.0906837,-0.0266242
-72.0515,90.6229,-22.6349,9.90681,-1.5668,-0.0936546,-0.0217823
-71.0581,90.4625,-22.6382,9.87127,-1.72833,-0.0922568,-0.0228877
-70.0652,90.2903,-22.639,9.83528,-1.87913,-0.0922996,-0.0198377
-69.0774,90.102,-22.6408,9.79327,-2.02237,-0.0957363,-0.0141252
-68.0956,89.8971,-22.6438,9.75157,-2.15746,-0.101128,-0.0193522
-67.1193,89.6772,-22.6483,9.7143,-2.28661,-0.10136,-0.0129938
-66.1421,89.4494,-22.6505,9.67616,-2.40312,-0.100123,-0.0102238
-65.1688,89.2101,-22.6534,9.64125,-2.51003,-0.0968463,-0.00478609
-64.2,88.9631,-22.6564,9.60882,-2.61017,-0.0902869,-0.00371859
-63.2358,88.7062,-22.6602,9.5752,-2.70449,-0.0885963,-0.00300435
-62.2729,88.4401,-22.6606,9.54393,-2.79114,-0.0837886,-9.83189e-05
-61.312,88.165,-22.6591,9.51438,-2.8739,-0.0775646,-0.00657512
-60.3558,87.8819,-22.6574,9.48464,-2.95148,-0.0770248,-0.000474743
-59.4034,87.5924,-22.6544,9.45749,-3.02141,-0.0736703,0.00111028
-58.4551,87.2929,-22.6537,9.43328,-3.0907,-0.0726955,-0.00441848
-57.5108,86.9843,-22.6542,9.40559,-3.15644,-0.0738685,-0.00321352
-56.5679,86.6725,-22.6521,9.37659,-3.21406,-0.0742755,-0.0032325
-55.6286,86.3538,-22.6512,9.35273,-3.26574,-0.0741523,-0.00281416
-54.6895,86.032,-22.6485,9.3305,-3.31316,-0.0725982,0.00880328
-53.7531,85.7046,-22.6458,9.311,-3.35696,-0.0666519,0.0104465
-52.8167,85.3727,-22.6418,9.29444,-3.39874,-0.0629726,0.00500353
-51.8816,85.0359,-22.638,9.28572,-3.43614,-0.0564625,0.0057957
-50.9485,84.6974,-22.6341,9.27833,-3.47031,-0.0529955,0.00233617
-50.0171,84.3566,-22.6308,9.27273,-3.50048,-0.0485367,0.000843454
-49.0845,84.012,-22.6261,9.26652,-3.5287,-0.0495255,-0.00164396
-48.1517,83.664,-22.6213,9.25954,-3.5544,-0.0524489,-0.00184765
-47.2217,83.3114,-22.619,9.25098,-3.5775,-0.0602629,-0.00068969
-46.2943,82.9548,-22.6189,9.24053,-3.59917,-0.0674318,-1.28932e-05
-45.3663,82.5995,-22.6143,9.23525,-3.61633,-0.0691934,0.000519723
-44.4397,82.2412,-22.6106,9.23089,-3.63426,-0.0660822,0.00282429
-43.5099,81.8835,-22.6064,9.23117,-3.64808,-0.0648286,-0.00188695
-42.5803,81.5235,-22.6033,9.22895,-3.66206,-0.0617813,0.000185321
-41.6508,81.1633,-22.5987,9.2273,-3.6695,-0.0636983,-0.00261966
-40.6489,80.7722,-22.5949,9.21949,-3.6786,-0.0688253,-0.00825717
-39.7948,80.4379,-22.5919,9.21273,-3.68604,-0.076039,-0.00195634
-38.8676,80.073,-22.59,9.20462,-3.69249,-0.0835716,-0.00020655
-37.9425,79.7086,-22.5889,9.19741,-3.69483,-0.0876596,-0.00287306
-37.0191,79.3444,-22.5883,9.191,-3.69987,-0.091186,-0.000185698
-36.0979,78.9794,-22.5876,9.18553,-3.70446,-0.0887068,0.000169809
-35.1781,78.6146,-22.5859,9.1824,-3.70655,-0.0847082,0.00663944
-34.2596,78.2475,-22.586,9.17734,-3.70849,-0.0847529,0.00154155
-33.342,77.8788,-22.587,9.17133,-3.70937,-0.0868098,-0.00182018
-32.4213,77.5126,-22.5851,9.16574,-3.71042,-0.0857825,0.0012263
-31.5016,77.1453,-22.5845,9.16082,-3.71074,-0.084912,0.00104465
-30.5825,76.7806,-22.5814,9.16008,-3.70806,-0.0816376,0.00681942
-29.6643,76.4155,-22.5793,9.15762,-3.70682,-0.0787868,0.0106534
-28.7463,76.0504,-22.5765,9.15742,-3.70554,-0.0741858,0.00572381
-27.8287,75.6844,-22.5741,9.15705,-3.70398,-0.071282,0.00638646
-26.9096,75.3189,-22.5715,9.15854,-3.70216,-0.0675665,0.0120354
-25.9896,74.9535,-22.5691,9.16097,-3.70028,-0.0673238,0.00375476
-25.0692,74.5879,-22.5663,9.16128,-3.69922,-0.0689809,0.00319433
-24.1489,74.2221,-22.5635,9.16347,-3.69845,-0.0662571,-0.000117035
-23.2297,73.8547,-22.5618,9.16474,-3.69929,-0.0654585,0.0076589
-22.3114,73.4865,-22.5617,9.16678,-3.69563,-0.0683801,-0.00176859
-21.3898,73.1203,-22.5588,9.16655,-3.69103,-0.0746797,-0.00289266
-20.4687,72.7535,-22.5575,9.16893,-3.69222,-0.0754709,0.00353157
-19.5461,72.388,-22.5534,9.17294,-3.69113,-0.0752949,0.00226716
-18.6241,72.0222,-22.5504,9.17218,-3.69016,-0.0784687,-0.00453023
-17.6992,71.6581,-22.5463,9.17084,-3.6848,-0.0845477,-0.00592355
-16.7754,71.2939,-22.5437,9.16684,-3.68025,-0.0929804,-0.0136269
-15.8504,70.9312,-22.5406,9.16616,-3.67444,-0.0976267,-0.00319097
-14.9259,70.5689,-22.5392,9.16338,-3.66717,-0.102284,-0.000707706
-14.0021,70.2074,-22.5377,9.16453,-3.66099,-0.10442,0.0003623
-13.079,69.8462,-22.536,9.16848,-3.65707,-0.100576,0.00681758
-12.1553,69.4852,-22.5342,9.17584,-3.65192,-0.0914857,0.0169843
-11.2302,69.1246,-22.5307,9.1856,-3.65127,-0.0793614,0.0157347
-10.3063,68.7626,-22.5281,9.19665,-3.65262,-0.0716984,0.0095139
-9.38317,68.3994,-22.527,9.2027,-3.65002,-0.0692089,-0.00237943
-8.45521,68.0386,-22.5231,9.2118,-3.64874,-0.0682713,0.00273411
-7.52764,67.6773,-22.5203,9.21708,-3.6471,-0.0721313,-0.00401963
-6.59691,67.3171,-22.5146,9.22308,-3.64554,-0.0753455,-0.00286743
-5.66647,66.9565,-22.5106,9.22903,-3.643,-0.080914,-0.00165368
-4.73639,66.5969,-22.5035,9.22801,-3.64203,-0.0857898,-0.00409896
-3.80755,66.2371,-22.4968,9.22908,-3.64188,-0.0932567,9.27215e-06
-2.8776,65.8771,-22.489,9.23309,-3.64055,-0.0930923,-0.0020712
-1.94717,65.5171,-22.4815,9.23384,-3.63781,-0.0938022,-0.00714508
-1.01508,65.1573,-22.4753,9.23477,-3.63349,-0.104048,-0.00585073
-0.0822258,64.7979,-22.4706,9.23525,-3.62965,-0.109633,-0.00930034
0.847667,64.4376,-22.4705,9.23608,-3.62782,-0.11842,-0.000405542
1.77559,64.0764,-22.4739,9.23665,-3.62673,-0.124018,-0.00203289
2.70632,63.7157,-22.4717,9.23726,-3.62574,-0.123699,-0.000308695
3.63583,63.3545,-22.4701,9.23851,-3.62473,-0.122962,-0.00282987
4.5664,62.9943,-22.4667,9.24116,-3.62437,-0.120537,0.00144988
5.49609,62.6336,-22.4644,9.24312,-3.62748,-0.115695,-0.00201496
6.42837,62.2733,-22.4609,9.24524,-3.62849,-0.11484,0.00374467
7.35983,61.9128,-22.4598,9.24878,-3.62831,-0.115178,-0.00118591
8.29233,61.5522,-22.4587,9.25425,-3.62883,-0.110872,0.00434472
9.22451,61.1913,-22.4583,9.261,-3.62959,-0.106217,0.00521227
10.1572,60.8313,-22.4559,9.26656,-3.62964,-0.104234,0.00171409
11.0898,60.4717,-22.4528,9.2716,-3.63087,-0.102126,-0.00010926
12.0234,60.1113,-22.4492,9.27739,-3.63097,-0.1017,-0.00063117
12.9582,59.7505,-22.4439,9.27943,-3.62845,-0.103866,-0.00384873
13.8908,59.389,-22.4423,9.27994,-3.6292,-0.109427,-0.00359285
14.8221,59.027,-22.4435,9.28339,-3.62772,-0.115968,-0.00555091
15.831,58.6387,-22.4423,9.28712,-3.62437,-0.119714,-0.000718022
16.6892,58.3076,-22.4437,9.28808,-3.6245,-0.122975,0.00266698
17.6237,57.9493,-22.4414,9.29,-3.6225,-0.12275,-0.00394568
18.5573,57.5909,-22.4403,9.28832,-3.61945,-0.129773,-0.0102291
19.491,57.2334,-22.4382,9.2808,-3.61413,-0.139345,-0.00857644
20.4235,56.8763,-22.4368,9.27685,-3.6079,-0.143772,-0.00149809
21.3555,56.5198,-22.4355,9.27134,-3.60366,-0.146663,0.00166937
22.3613,56.135,-22.4342,9.26762,-3.60006,-0.143909,0.00544586
23.2187,55.8071,-22.4329,9.26685,-3.59801,-0.13882,-0.00074754
24.1504,55.4505,-22.4308,9.26216,-3.59541,-0.1376,0.00067706
25.0801,55.0933,-22.4326,9.25953,-3.59278,-0.138517,0.000744592
26.0081,54.7356,-22.4372,9.25587,-3.58777,-0.139614,0.000981362
26.9371,54.3791,-22.4366,9.25535,-3.58774,-0.134826,0.00934776
27.8652,54.022,-22.4369,9.25584,-3.59082,-0.128814,0.00670368
28.7935,53.6653,-22.4343,9.25737,-3.58987,-0.120581,0.00602459
29.721,53.3084,-22.433,9.2559,-3.59104,-0.117256,-0.00106516
30.65,52.9517,-22.4293,9.25697,-3.59031,-0.111249,-0.00143694
31.5784,52.5946,-22.427,9.25629,-3.5911,-0.107165,-0.000211936
32.5078,52.2377,-22.4226,9.26044,-3.59144,-0.102869,0.00175467
33.4373,51.8806,-22.4188,9.25845,-3.58885,-0.100486,-0.00161796
34.3673,51.5237,-22.4147,9.26132,-3.58957,-0.0998301,5.84254e-05
35.2979,51.1669,-22.4107,9.26405,-3.58888,-0.0968377,0.000544147
36.2274,50.8102,-22.4067,9.26604,-3.58717,-0.096582,-0.000563985
37.1562,50.4535,-22.4019,9.26639,-3.58843,-0.097187,-0.000850398
38.0838,50.096,-22.4007,9.2636,-3.58899,-0.103353,-0.00509467
39.0106,49.7379,-22.4025,9.2633,-3.58932,-0.102934,-0.000109462
39.9395,49.3812,-22.4004,9.26559,-3.58883,-0.0993213,0.00288
40.8683,49.0242,-22.3991,9.26917,-3.58728,-0.101942,-0.00427294
41.799,48.6679,-22.3938,9.27012,-3.58493,-0.0978704,0.00503236
42.7292,48.3115,-22.3887,9.26959,-3.5821,-0.0966256,-0.00122942
43.6597,47.9552,-22.3815,9.26951,-3.58219,-0.0966729,-0.00328146
44.5897,47.5986,-22.3742,9.26784,-3.58165,-0.0939665,-0.00297819
45.5203,47.2427,-22.3675,9.27125,-3.58157,-0.0904818,0.00416855
46.4512,46.8872,-22.3619,9.27421,-3.58312,-0.0888618,-0.00387899
47.3826,46.5322,-22.3555,9.27907,-3.58113,-0.0879657,0.00523069
48.3144,46.1776,-22.3491,9.28204,-3.58001,-0.0881757,-0.00433943
49.245,45.822,-22.3469,9.28331,-3.57957,-0.0918074,-0.00191445
50.175,45.4657,-22.3473,9.28914,-3.57885,-0.092762,0.000796452
51.1079,45.1109,-22.3428,9.29279,-3.57821,-0.0899109,0.00518569
52.0404,44.7556,-22.3395,9.29446,-3.57694,-0.0915703,-0.00524173
53.0486,44.3724,-22.3339,9.29911,-3.57691,-0.0863759,-0.00101013
53.9073,44.0455,-22.3308,9.3054,-3.57507,-0.0853192,0.00325497
54.8436,43.6895,-22.3248,9.31375,-3.57476,-0.0791239,0.000293695
55.7801,43.3329,-22.3196,9.32079,-3.5762,-0.0749271,-0.00216075
56.7932,42.9485,-22.3116,9.3321,-3.57937,-0.0666688,0.00251154
57.6562,42.6208,-22.3058,9.33944,-3.57999,-0.0641468,-0.00404913
58.5952,42.2642,-22.2996,9.34252,-3.57991,-0.0666444,-0.00582726
59.5344,41.9071,-22.2954,9.34657,-3.58153,-0.0762999,-0.00667892
60.4729,41.5497,-22.2933,9.34424,-3.58185,-0.0859414,-0.0092133
61.4104,41.1923,-22.292,9.34045,-3.5804,-0.094232,-0.0112788
62.3466,40.8347,-22.293,9.33993,-3.57932,-0.0966512,-0.0051007
63.282,40.477,-22.2952,9.33877,-3.57797,-0.0985314,-0.0035015
64.2178,40.1211,-22.2945,9.33702,-3.57543,-0.0987764,-0.00103137
65.1528,39.765,-22.2948,9.33103,-3.57502,-0.101978,-0.00672146
66.0886,39.409,-22.2931,9.32566,-3.57228,-0.104543,-0.00905075
67.0237,39.0529,-22.2928,9.31886,-3.56977,-0.107773,-0.00128039
67.9597,38.6962,-22.2916,9.31592,-3.56891,-0.104606,0.00511891
68.8954,38.3393,-22.2898,9.31415,-3.56652,-0.0987975,0.00172679
69.8296,37.9824,-22.287,9.31257,-3.56535,-0.0921755,0.00200761
70.7622,37.6257,-22.2845,9.30849,-3.56283,-0.0899663,-0.000477895
71.6959,37.2696,-22.283,9.30675,-3.56243,-0.0882333,0.00257765
72.6305,36.914,-22.2818,9.30655,-3.56166,-0.0814873,0.000820583
73.5635,36.5582,-22.2826,9.30189,-3.56064,-0.0799135,0.00606573
74.4953,36.2022,-22.2849,9.30232,-3.56276,-0.0781861,0.00473088
75.4296,35.8451,-22.2848,9.30172,-3.5639,-0.0722282,0.00210516
76.3632,35.4881,-22.2853,9.30089,-3.56181,-0.0714377,-0.0012284
77.2973,35.1325,-22.2824,9.29974,-3.55833,-0.0689121,-0.00733044
78.2307,34.7774,-22.2793,9.29856,-3.55711,-0.0655591,-0.00346835
79.2407,34.3928,-22.2746,9.2972,-3.55467,-0.0652433,-0.00326443
80.1002,34.0652,-22.2721,9.29394,-3.55315,-0.0659602,0.00216902
81.035,33.7093,-22.2688,9.291,-3.55378,-0.0669946,-0.00164673
81.9692,33.3535,-22.2665,9.28985,-3.55352,-0.0616474,-0.00338633
82.9034,32.9971,-22.2638,9.29004,-3.55653,-0.055878,0.00395544
83.8372,32.6404,-22.2602,9.29148,-3.55576,-0.0470483,0.00471804
84.7702,32.2842,-22.256,9.29244,-3.56096,-0.0357411,0.00159783
85.703,31.9277,-22.2507,9.29529,-3.57569,-0.0240172,0.00241071
86.6349,31.5689,-22.2453,9.29682,-3.60475,-0.00437565,0.0101565
87.5659,31.2063,-22.2388,9.2957,-3.65168,0.0184349,0.00743427
88.4991,30.8366,-22.228,9.28804,-3.72031,0.0415242,0.0105449
89.4309,30.4589,-22.2156,9.27612,-3.80944,0.0654207,0.000404411
90.364,30.0693,-22.201,9.25401,-3.91943,0.0811615,-0.0045721
91.2942,29.6679,-22.1863,9.22439,-4.04899,0.0911482,-0.0140955
92.2202,29.2526,-22.1724,9.1818,-4.19301,0.0933358,-0.0275371
93.1402,28.8225,-22.1604,9.12485,-4.3505,0.0846766,-0.0416757
94.0545,28.3773,-22.1485,9.05363,-4.5185,0.0685854,-0.0443418
94.9615,27.9158,-22.1377,8.97308,-4.69243,0.0507386,-0.0484737
95.861,27.4358,-22.1288,8.8825,-4.87616,0.0334728,-0.0519072
96.7514,26.9366,-22.1219,8.78654,-5.06793,0.0191926,-0.0502917
97.6294,26.4186,-22.1171,8.67966,-5.26325,0.00667376,-0.0585105
98.4948,25.8813,-22.1141,8.56144,-5.46151,-0.00429593,-0.0586197
99.351,25.324,-22.1093,8.43576,-5.66336,-0.0151558,-0.0680584
100.194,24.7466,-22.1061,8.3026,-5.86535,-0.028532,-0.0651066
101.021,24.1494,-22.1048,8.16221,-6.06677,-0.0399962,-0.0666122
101.833,23.5324,-22.1049,8.01371,-6.26607,-0.0455685,-0.0659497
102.633,22.8912,-22.1043,7.85545,-6.4647,-0.0533827,-0.06832
103.416,22.2301,-22.1045,7.69172,-6.6575,-0.0601572,-0.0658392
104.184,21.5496,-22.1062,7.52205,-6.84504,-0.066201,-0.064174
104.935,20.8512,-22.1086,7.3484,-7.02726,-0.0737145,-0.0709734
105.67,20.1345,-22.1118,7.17005,-7.20132,-0.0853453,-0.0645842
106.387,19.4011,-22.1164,6.98871,-7.36196,-0.0974173,-0.0628258
107.084,18.6528,-22.1213,6.80557,-7.51696,-0.106178,-0.0621731
107.817,17.8284,-22.126,6.61348,-7.67246,-0.107105,-0.0521259
108.422,17.1146,-22.1312,6.44815,-7.79385,-0.106206,-0.0539077
109.061,16.3271,-22.1371,6.26722,-7.91722,-0.105717,-0.050069
109.686,15.5226,-22.1416,6.09453,-8.03487,-0.103289,-0.0414349
110.293,14.7074,-22.1463,5.92755,-8.14608,-0.100894,-0.0326023
110.885,13.8796,-22.15,5.76381,-8.25245,-0.0950542,-0.0335197
111.459,13.0426,-22.154,5.60333,-8.34655,-0.09299,-0.037919
112.02,12.1957,-22.1579,5.45064,-8.43905,-0.0865096,-0.0254463
112.566,11.3407,-22.1614,5.30191,-8.51991,-0.0797784,-0.0288877
113.096,10.4765,-22.165,5.16248,-8.61093,-0.0575589,-0.00829649
113.611,9.60057,-22.1655,5.01743,-8.74863,0.013292,0.0162534
114.111,8.70754,-22.1561,4.83041,-8.93218,0.126674,0.00667099
114.587,7.79391,-22.1355,4.56831,-9.15268,0.230885,-0.0506269
115.032,6.86011,-22.1062,4.22556,-9.38856,0.303371,-0.0939334
115.437,5.90479,-22.0707,3.82499,-9.62281,0.354799,-0.120818
115.805,4.92388,-22.0313,3.3909,-9.83714,0.392448,-0.144672
116.127,3.92388,-21.99,2.937,-10.0319,0.391972,-0.19313
116.407,2.9024,-21.9517,2.46013,-10.2038,0.338789,-0.262985
116.637,1.86592,-21.9219,1.95801,-10.348,0.231609,-0.291602
116.82,0.816524,-21.9038,1.45726,-10.4525,0.122578,-0.283507
116.952,-0.240711,-21.8955,0.961242,-10.5242,0.0333703,-0.274308
117.035,-1.30586,-21.8928,0.465113,-10.5701,-0.0326235,-0.259846
117.067,-2.37393,-21.8948,-0.0350703,-10.5879,-0.0812942,-0.247235
117.049,-3.44307,-21.9016,-0.539393,-10.5791,-0.116393,-0.241934
116.979,-4.50991,-21.9121,-1.04947,-10.5407,-0.143203,-0.238027
116.858,-5.57059,-21.9256,-1.55629,-10.4695,-0.167454,-0.235147
116.686,-6.62315,-21.9419,-2.05369,-10.3753,-0.188579,-0.228799
116.463,-7.66174,-21.9603,-2.53488,-10.252,-0.20515,-0.218262
116.19,-8.68465,-21.9805,-2.99966,-10.1084,-0.217425,-0.207547
115.873,-9.69818,-22.0022,-3.44076,-9.95002,-0.223837,-0.187841
115.513,-10.6932,-22.0242,-3.85722,-9.76959,-0.226541,-0.181141
115.113,-11.6724,-22.0462,-4.24892,-9.58241,-0.225626,-0.164565
114.674,-12.6307,-22.068,-4.61774,-9.38238,-0.22045,-0.144345
114.199,-13.5706,-22.0893,-4.96473,-9.17657,-0.212109,-0.132047
113.691,-14.4889,-22.1099,-5.28514,-8.96685,-0.199045,-0.124515
113.151,-15.3872,-22.128,-5.59082,-8.77186,-0.168549,-0.107951
112.58,-16.2657,-22.1424,-5.90528,-8.56645,-0.124437,-0.120284
111.977,-17.1215,-22.1532,-6.23067,-8.33549,-0.0862371,-0.133628
111.34,-17.9517,-22.1602,-6.56065,-8.07926,-0.0520495,-0.134966
110.669,-18.7521,-22.1641,-6.88448,-7.80499,-0.0281111,-0.1494
109.966,-19.5217,-22.1661,-7.19474,-7.51214,-0.0206227,-0.165051
109.235,-20.2679,-22.1683,-7.48712,-7.21235,-0.0202639,-0.165643
108.475,-20.9818,-22.1707,-7.76243,-6.902,-0.0249768,-0.158561
107.689,-21.6673,-22.1743,-8.02082,-6.5899,-0.0277765,-0.149809
106.879,-22.3197,-22.1784,-8.2591,-6.26847,-0.0329104,-0.148748
106.046,-22.943,-22.1841,-8.48119,-5.94617,-0.0359693,-0.13805
105.192,-23.5321,-22.1897,-8.68906,-5.61713,-0.0289564,-0.138427
104.317,-24.0902,-22.1937,-8.88037,-5.28511,-0.0240986,-0.139414
103.424,-24.6142,-22.1968,-9.05961,-4.95031,-0.0169439,-0.12839
102.512,-25.1051,-22.1988,-9.22764,-4.61327,-0.007903,-0.126486
101.585,-25.562,-22.1994,-9.38287,-4.27516,0.00388896,-0.121412
100.643,-25.9844,-22.1995,-9.52268,-3.93284,0.0126178,-0.11929
99.6884,-26.3735,-22.1995,-9.64883,-3.5925,0.0203669,-0.12621
98.7207,-26.7241,-22.1988,-9.75853,-3.24743,0.0233109,-0.123134
97.7416,-27.0371,-22.1972,-9.85656,-2.90609,0.0264203,-0.108784
96.7553,-27.3236,-22.1999,-9.94231,-2.57846,0.0311024,-0.0996659
95.7604,-27.5757,-22.2021,-10.0127,-2.25291,0.0345188,-0.100462
94.76,-27.7992,-22.2055,-10.071,-1.93789,0.0367779,-0.0988902
93.7537,-27.99,-22.2076,-10.1204,-1.63125,0.0445438,-0.0877936
92.7427,-28.1515,-22.2132,-10.1555,-1.32961,0.0454548,-0.0804809
91.7282,-28.2818,-22.2198,-10.1783,-1.03133,0.0413438,-0.0874409
90.712,-28.3845,-22.2269,-10.1927,-0.746287,0.040277,-0.080347
89.6949,-28.4596,-22.2342,-10.1965,-0.469333,0.0359392,-0.0745713
88.6768,-28.5076,-22.2408,-10.1869,-0.203117,0.0305375,-0.0668558
87.659,-28.5289,-22.2469,-10.1722,0.0529755,0.028639,-0.0622112
86.6428,-28.5206,-22.2509,-10.152,0.301967,0.0281141,-0.0587104
85.6287,-28.4844,-22.2532,-10.1254,0.541995,0.0268821,-0.0533008
84.6183,-28.4318,-22.2613,-10.0933,0.761775,0.0238856,-0.0440942
83.6111,-28.3554,-22.2676,-10.0604,0.975158,0.0271232,-0.0380321
82.6075,-28.2647,-22.2755,-10.0196,1.17499,0.0274217,-0.0295095
81.6078,-28.1531,-22.2821,-9.97931,1.36405,0.0306737,-0.0306297
80.6108,-28.0261,-22.2898,-9.93613,1.53876,0.0294722,-0.0321071
79.6181,-27.8792,-22.2962,-9.88882,1.70858,0.0290659,-0.0208026
78.6292,-27.7177,-22.3042,-9.84108,1.8696,0.0280886,-0.0278614
77.6449,-27.5393,-22.3118,-9.7928,2.02029,0.0242593,-0.0188483
76.664,-27.3462,-22.3186,-9.74753,2.16228,0.0246697,-0.0109161
75.6872,-27.1384,-22.324,-9.70151,2.29728,0.0285316,-0.00753322
74.7157,-26.917,-22.3282,-9.65592,2.42247,0.0321042,-0.0181037
73.7494,-26.6844,-22.3322,-9.61072,2.53848,0.0319799,-0.00837678
72.7882,-26.4356,-22.3338,-9.56442,2.64869,0.0322095,-0.00513448
71.8321,-26.1725,-22.3339,-9.52169,2.75239,0.0375712,-0.00290799
70.8756,-25.9045,-22.3351,-9.48809,2.84712,0.0486741,-0.0011913
69.923,-25.6248,-22.3347,-9.45334,2.93791,0.0564288,-0.00212948
68.9712,-25.3394,-22.337,-9.42227,3.02158,0.0622817,0.00841536
68.0231,-25.0444,-22.3388,-9.39451,3.09941,0.0648801,0.00545021
67.0774,-24.7435,-22.3419,-9.36771,3.17127,0.0639182,0.000219177
66.1351,-24.4347,-22.3447,-9.34069,3.23575,0.0601275,0.00117917
65.1959,-24.1209,-22.3479,-9.31349,3.29663,0.05717,-0.000991239
64.2594,-23.8015,-22.3511,-9.29324,3.35268,0.0564912,-0.0032938
63.3234,-23.476,-22.3556,-9.26977,3.40506,0.0535727,0.000287666
62.3888,-23.1447,-22.3605,-9.24695,3.44976,0.0494653,0.0064977
61.4589,-22.805,-22.3629,-9.22334,3.49515,0.0485061,5.00126e-05
60.533,-22.4582,-22.3639,-9.20152,3.53578,0.0451594,0.00132789
59.6044,-22.1126,-22.3645,-9.18528,3.56979,0.0425674,0.00287367
58.6788,-21.7618,-22.3641,-9.1658,3.60389,0.0385855,-0.0011389
57.7551,-21.4116,-22.3653,-9.14676,3.63129,0.0336382,-0.00165707
56.8347,-21.0573,-22.366,-9.12987,3.65781,0.0350495,0.000772731
55.9142,-20.7042,-22.3681,-9.11726,3.67835,0.0377281,0.00461369
54.996,-20.3474,-22.3693,-9.10671,3.69638,0.0390892,0.0114977
54.0774,-19.9898,-22.3707,-9.09705,3.712,0.0412757,0.00735103
53.1603,-19.6293,-22.3719,-9.08632,3.7275,0.0398703,-0.00220425
52.2427,-19.2676,-22.3734,-9.07839,3.74027,0.0354208,0.00412026
51.325,-18.9044,-22.375,-9.07275,3.7497,0.0336592,0.00469747
50.4091,-18.5397,-22.3764,-9.06802,3.75867,0.0321652,0.000401184
49.494,-18.1745,-22.3779,-9.06321,3.76586,0.03123,0.00512747
48.5819,-17.805,-22.3783,-9.05876,3.77377,0.0320264,0.00626453
47.6722,-17.4319,-22.3782,-9.05205,3.78154,0.0302337,-0.00566332
46.7613,-17.0612,-22.3774,-9.04618,3.78826,0.0289355,0.00370001
45.852,-16.6881,-22.3764,-9.0456,3.79435,0.030278,0.00398147
44.941,-16.3172,-22.3769,-9.04892,3.80035,0.0378749,0.00836382
44.0303,-15.9448,-22.3767,-9.0545,3.80355,0.0427044,0.00745394
43.1202,-15.5734,-22.3752,-9.05856,3.80601,0.0484325,0.000649881
42.2107,-15.2009,-22.3724,-9.06561,3.80958,0.057161,0.00543607
41.3006,-14.8296,-22.3709,-9.07424,3.81222,0.0601111,0.00322895
40.3898,-14.4588,-22.3702,-9.08371,3.8112,0.0635534,-0.000894952
39.4773,-14.0874,-22.3684,-9.09202,3.81276,0.0670126,0.000855806
38.5634,-13.7151,-22.3656,-9.10449,3.81485,0.0689956,0.00939229
37.6497,-13.3396,-22.3619,-9.11628,3.81707,0.0692244,0.00233157
36.7359,-12.9614,-22.3582,-9.12488,3.81773,0.0672974,-0.00377224
35.8201,-12.5877,-22.358,-9.13365,3.81606,0.0608999,-0.00412099
34.9043,-12.2126,-22.3582,-9.1372,3.81603,0.05202,-0.00873156
33.9881,-11.8407,-22.3579,-9.14005,3.81178,0.0441125,-0.00514101
33.072,-11.4682,-22.3574,-9.14279,3.80778,0.0369153,-0.00255182
32.1525,-11.0971,-22.3558,-9.14425,3.80036,0.029557,-0.00590314
31.2331,-10.7251,-22.3543,-9.14453,3.79352,0.0222521,-0.00311897
30.3135,-10.3545,-22.355,-9.14756,3.78614,0.0209337,0.00166546
29.3943,-9.9837,-22.3557,-9.14907,3.78271,0.018536,-0.00277585
28.4029,-9.58499,-22.3577,-9.14865,3.77824,0.0113875,-0.00103034
27.5596,-9.24545,-22.3596,-9.14595,3.77228,0.00599966,-0.0103843
26.6437,-8.87667,-22.3627,-9.14074,3.76441,0.00196414,-0.00661897
25.7286,-8.50892,-22.3662,-9.13524,3.75598,-0.00145108,-0.00353699
24.8148,-8.139,-22.3687,-9.12774,3.75266,-0.000942877,0.000222119
23.9023,-7.76744,-22.3704,-9.12137,3.74595,-0.00405832,-0.00120332
22.9882,-7.39885,-22.3728,-9.11663,3.74022,-0.000247129,0.000700776
22.0749,-7.02946,-22.3741,-9.11281,3.73592,0.00437831,0.0033529
21.161,-6.66353,-22.3736,-9.11605,3.73035,0.0106213,0.0105616
20.2473,-6.29716,-22.3717,-9.11848,3.72587,0.0204653,0.0025688
19.3344,-5.93257,-22.369,-9.11472,3.71893,0.023307,0.00105942
18.4225,-5.5681,-22.3662,-9.11042,3.71227,0.0247166,0.000149622
17.5096,-5.2034,-22.3643,-9.11019,3.70928,0.0254556,0.00491613
16.5963,-4.83835,-22.3626,-9.11138,3.70584,0.0254645,0.00253057
15.6827,-4.47312,-22.3605,-9.11221,3.70286,0.0279208,0.000924931
14.7691,-4.10766,-22.3578,-9.11621,3.69939,0.0344969,0.00992898
13.8559,-3.74068,-22.3543,-9.12304,3.69739,0.0411055,0.00923786
12.9425,-3.37235,-22.3504,-9.13132,3.70004,0.0493719,0.00532231
12.0287,-3.00643,-22.3467,-9.13944,3.69971,0.052292,0.0031491
11.1146,-2.63974,-22.3426,-9.14492,3.69918,0.0535064,-0.00400461
10.1994,-2.27516,-22.3402,-9.14563,3.69658,0.0479233,-0.00397724
9.28427,-1.91036,-22.3384,-9.14472,3.69138,0.0398622,-0.00587656
8.36737,-1.54619,-22.3389,-9.14513,3.68802,0.0350128,-0.00267275
7.45056,-1.18132,-22.3394,-9.14723,3.68502,0.0348819,0.00575503
6.53423,-0.816807,-22.3395,-9.15366,3.6842,0.0398639,0.00925387
5.61816,-0.45189,-22.3387,-9.15531,3.68226,0.0427906,0.0019502
4.70115,-0.0875859,-22.3379,-9.15928,3.67723,0.0427589,-0.00117818
3.78345,0.27634,-22.3367,-9.16279,3.67316,0.0429917,-0.00311452
2.8658,0.63928,-22.3358,-9.16622,3.67155,0.040266,-0.00329148
1.94805,1.00096,-22.3351,-9.16856,3.66877,0.0379779,-0.00566341
1.03056,1.36414,-22.3339,-9.16945,3.66513,0.0311183,-0.00423583
0.113347,1.72833,-22.3328,-9.16754,3.65892,0.0245046,-0.0127005
-0.804766,2.09073,-22.3304,-9.16355,3.65639,0.0191732,-0.00664031
-1.72233,2.45374,-22.3282,-9.16227,3.65511,0.0161651,0.000235521
-2.64043,2.81509,-22.3264,-9.16123,3.65392,0.0171445,-0.005516
-3.5582,3.17669,-22.3247,-9.15999,3.65046,0.0151588,0.0104283
-4.47636,3.53692,-22.3232,-9.1607,3.64623,0.0171089,-0.000635816
-5.39472,3.89709,-22.3211,-9.16565,3.64364,0.0246709,0.00501749
-6.3136,4.25783,-22.3183,-9.17192,3.6385,0.0296413,0.00260988
-7.23298,4.61896,-22.3155,-9.17799,3.63505,0.0347327,9.39749e-05
-8.15302,4.98053,-22.3116,-9.17882,3.63289,0.0392599,-0.00361595
-9.07345,5.34238,-22.307,-9.18253,3.63223,0.0424238,-0.000459906
-9.99329,5.70485,-22.3021,-9.18228,3.62977,0.0436747,-0.00450914
-10.9126,6.06773,-22.2974,-9.18328,3.62802,0.0416271,-0.00812637
-11.8331,6.42907,-22.2925,-9.18243,3.6271,0.0393894,-0.00383044
-12.7531,6.79053,-22.2878,-9.18294,3.62314,0.0353276,-0.00275438
-13.6726,7.1524,-22.2838,-9.18234,3.62136,0.0316057,-0.00307997
-14.5916,7.51478,-22.28,-9.18297,3.6225,0.0298919,-0.00891626
-15.5113,7.87796,-22.2772,-9.18225,3.62314,0.0247593,-0.0014851
-16.4309,8.24136,-22.2747,-9.1841,3.62175,0.0212666,-0.00258362
-17.352,8.60455,-22.2735,-9.18607,3.61971,0.0200055,-0.00301843
-18.2735,8.96764,-22.2717,-9.18946,3.61948,0.0243563,0.00521342
-19.1965,9.33078,-22.2703,-9.19247,3.6183,0.0254792,0.00186276
-20.1205,9.69403,-22.2698,-9.19664,3.61802,0.0219241,-0.00190525
-21.0446,10.0567,-22.2695,-9.20211,3.61765,0.021459,-0.00150873
-21.9696,10.4188,-22.2696,-9.20686,3.61532,0.0196454,-0.00856622
-22.8935,10.7808,-22.2693,-9.20886,3.61274,0.0148012,-0.0060745
-23.8167,11.1425,-22.2688,-9.21039,3.61027,0.00943841,-0.00770882
-24.7383,11.5033,-22.2692,-9.2071,3.60549,0.00263998,-0.00644563
-25.659,11.8637,-22.2703,-9.20156,3.60184,-0.00147864,-0.0036129
-26.5813,12.2249,-22.2723,-9.19598,3.59895,-0.00447093,-0.00236813
-27.5033,12.5861,-22.2751,-9.19091,3.59524,-0.0100649,0.00085724
-28.4243,12.9473,-22.2781,-9.18274,3.59404,-0.0122019,-0.00357201
-29.3439,13.3084,-22.2802,-9.17632,3.58976,-0.0108521,-0.00697109
-30.2632,13.6687,-22.2809,-9.16927,3.58606,-0.00964737,0.000324721
-31.1819,14.0282,-22.2808,-9.16317,3.58283,-0.00666449,0.00233315
-32.1003,14.3872,-22.2806,-9.15963,3.57936,-0.00146616,0.00116534
-33.0183,14.7459,-22.2793,-9.16005,3.5777,0.00906343,0.0041714
-33.9356,15.1042,-22.2769,-9.16041,3.57623,0.0171729,0.00504133
-34.8525,15.4625,-22.2741,-9.16085,3.57651,0.0219106,0.00224942
-35.7702,15.8229,-22.2714,-9.16079,3.57586,0.0272479,-0.00207272
-36.6879,16.183,-22.2682,-9.16528,3.57732,0.0338286,0.00518371
-37.6082,16.5438,-22.266,-9.16879,3.5789,0.0363568,-0.00506172
-38.529,16.9043,-22.2639,-9.17331,3.57699,0.0343077,0.00112577
-39.5216,17.2927,-22.2613,-9.17566,3.57462,0.0312345,0.00194035
-40.3663,17.623,-22.2594,-9.17763,3.57334,0.030772,-0.000680471
-41.2857,17.9822,-22.2586,-9.17869,3.56865,0.0270741,-0.00799792
-42.205,18.341,-22.2587,-9.17629,3.56565,0.019824,-0.00743961
-43.1249,18.6995,-22.2601,-9.17414,3.56473,0.0132395,-0.00492381
-44.045,19.0578,-22.2625,-9.17292,3.5623,0.0122663,0.000504678
-44.9643,19.4157,-22.2634,-9.17594,3.55937,0.0163104,0.00380991
-45.8831,19.7734,-22.2629,-9.17818,3.55537,0.0196457,0.00613461
-46.8014,20.1303,-22.262,-9.1788,3.55357,0.0223011,0.000633752
-47.7196,20.4865,-22.2606,-9.17845,3.5494,0.0214325,-0.00235098
-48.639,20.8433,-22.2614,-9.17821,3.54532,0.0198645,0.00119256
-49.5583,21.1996,-22.262,-9.18086,3.54423,0.0231892,0.00477405
-50.4793,21.5566,-22.2635,-9.18664,3.54416,0.03189,0.0108657
-51.4007,21.9132,-22.2634,-9.19294,3.54286,0.0381816,0.00843098
-52.3232,22.2693,-22.2629,-9.19808,3.54231,0.0430197,0.00363341
-53.2461,22.6249,-22.2611,-9.20548,3.54221,0.048032,0.00330517
-54.1692,22.9804,-22.2591,-9.21022,3.54065,0.0514848,-0.00335413
-55.0926,23.3358,-22.2569,-9.21422,3.54177,0.0495316,0.00405401
-56.0169,23.6927,-22.2552,-9.21448,3.54279,0.0463507,0.00576287
-56.9417,24.0506,-22.2541,-9.2199,3.54345,0.0425434,-0.00793522
-57.866,24.4075,-22.2519,-9.22285,3.54559,0.0441132,0.00141079
-58.7896,24.764,-22.2489,-9.22213,3.54543,0.0402492,-0.0110742
-59.7163,25.1222,-22.2483,-9.22235,3.54478,0.0350614,-0.00678873
-60.6421,25.4799,-22.2479,-9.21776,3.54278,0.0264168,-0.0063195
-61.5664,25.8366,-22.2472,-9.21387,3.54206,0.0218155,-0.0175313
-62.4895,26.1924,-22.2468,-9.21022,3.54012,0.0156632,-0.00744846
-63.4139,26.5495,-22.2478,-9.20881,3.54014,0.010424,0.000557747
-64.3378,26.9066,-22.2487,-9.20656,3.53927,0.00894417,0.00345822
-65.261,27.2625,-22.2496,-9.20118,3.53751,0.00419348,-0.0114284
-66.1832,27.6173,-22.2505,-9.19541,3.53599,0.00497246,0.000488117
-67.1056,27.9726,-22.251,-9.18998,3.54412,0.0111052,0.00197753
-68.0274,28.3291,-22.2507,-9.18229,3.55858,0.0235955,0.00427108
-68.9479,28.6876,-22.2484,-9.17162,3.58703,0.0400493,0.00525119
-69.8672,29.0502,-22.2438,-9.15889,3.63286,0.0574737,0.00512277
-70.7839,29.4173,-22.2375,-9.13964,3.68889,0.0736739,-0.0032447
-71.6979,29.7905,-22.2296,-9.1194,3.76338,0.0940061,0.00197384
-72.6114,30.1723,-22.2207,-9.09615,3.85439,0.111107,0.00149189
-73.5218,30.5636,-22.21,-9.06975,3.95656,0.125625,-0.000637446
-74.4319,30.9655,-22.1997,-9.04056,4.07199,0.138751,-0.0111947
-75.3382,31.3792,-22.1881,-9.00201,4.19632,0.144152,-0.0155677
-76.2396,31.8054,-22.1767,-8.95871,4.33002,0.14307,-0.0259566
-77.1354,32.245,-22.1654,-8.90644,4.47024,0.139392,-0.0265001
-78.026,32.6988,-22.1553,-8.85067,4.61874,0.135721,-0.0289737
-78.9107,33.1673,-22.1464,-8.78781,4.77034,0.128222,-0.0400139
-79.8587,33.6933,-22.1373,-8.70934,4.94285,0.115783,-0.0461137
-80.6589,34.1571,-22.13,-8.63623,5.09235,0.107234,-0.0352636
-81.5197,34.6762,-22.1224,-8.5477,5.25452,0.0975924,-0.0395034
-82.3708,35.2112,-22.1158,-8.45456,5.41988,0.087223,-0.0490175
-83.2147,35.7643,-22.1121,-8.35388,5.58607,0.0726723,-0.0587425
-84.0477,36.3335,-22.1092,-8.24497,5.74958,0.0531655,-0.0606187
-84.8715,36.9183,-22.1091,-8.12556,5.90542,0.0285312,-0.0654148
-85.6826,37.518,-22.1115,-7.99835,6.0563,0.00196804,-0.0687101
-86.4832,38.1334,-22.118,-7.86743,6.20004,-0.0181176,-0.0554384
-87.27,38.7627,-22.1259,-7.73558,6.34043,-0.0343487,-0.0420076
-88.043,39.4064,-22.1361,-7.60322,6.47427,-0.0445861,-0.040867
-88.8017,40.0632,-22.1466,-7.47171,6.60229,-0.0476905,-0.0385975
-89.5478,40.7322,-22.1563,-7.34174,6.72281,-0.0509045,-0.0307806
-90.2812,41.413,-22.1652,-7.21592,6.83968,-0.0492519,-0.0250395
-91.0014,42.1053,-22.1743,-7.09248,6.95108,-0.042847,-0.019815
-91.709,42.8088,-22.1833,-6.97437,7.05998,-0.0337889,-0.0114949
-92.4035,43.5221,-22.1891,-6.85765,7.16261,-0.0222011,-0.0150423
-93.0851,44.2447,-22.1931,-6.7408,7.2601,-0.0159312,-0.014036
-93.7573,44.9799,-22.1974,-6.6261,7.35219,-0.0111589,-0.0123844
-94.4176,45.7237,-22.2008,-6.5184,7.44504,-0.00161954,-0.0140196
-95.0688,46.4771,-22.2026,-6.41902,7.53328,0.00857388,-0.00616883
-95.7096,47.2386,-22.2029,-6.32386,7.6199,0.0197092,-0.00901694
-96.341,48.0082,-22.2024,-6.22891,7.69913,0.025938,-0.00496551
-96.9625,48.7849,-22.2013,-6.13615,7.77247,0.0297558,-0.0118963
-97.5754,49.5694,-22.2007,-6.04657,7.83957,0.0269531,-0.012616
-98.1795,50.3609,-22.2007,-5.95743,7.90275,0.0223689,-0.0147114
-98.7756,51.159,-22.202,-5.87719,7.96037,0.0172778,-0.0087941
-99.3638,51.9625,-22.2049,-5.80144,8.01347,0.0151072,-0.00704276
-99.9429,52.7708,-22.2054,-5.72274,8.08957,0.0480187,0.00485929
-100.512,53.5879,-22.1997,-5.62517,8.2126,0.130482,0.0328393
-101.071,54.4214,-22.1855,-5.47904,8.38146,0.249335,0.0337455
-101.611,55.2742,-22.1584,-5.26492,8.61268,0.365424,-0.0200036
-102.125,56.1511,-22.1201,-4.97018,8.87982,0.45624,-0.0536845
-102.605,57.0545,-22.0723,-4.61127,9.15763,0.540343,-0.0647162
-103.05,57.9904,-22.0176,-4.21227,9.43708,0.625449,-0.0912036
-103.453,58.9537,-21.9555,-3.78208,9.70412,0.693626,-0.136459
-103.813,59.9429,-21.8908,-3.32041,9.95832,0.723208,-0.211609
-104.125,60.9559,-21.8259,-2.81702,10.1941,0.688597,-0.29143
-104.384,61.9902,-21.7671,-2.26193,10.3937,0.583766,-0.382509
-104.584,63.0419,-21.7217,-1.65712,10.5488,0.422898,-0.411314
-104.724,64.1053,-21.6927,-1.04231,10.6524,0.272849,-0.401416
-104.804,65.1759,-21.6779,-0.422984,10.7071,0.145379,-0.386591
-104.818,66.3351,-21.6731,0.248363,10.7198,0.0339016,-0.371832
-104.772,67.3209,-21.6768,0.819051,10.688,-0.044475,-0.356179
-104.665,68.393,-21.6894,1.43188,10.617,-0.112723,-0.341514
-104.496,69.4555,-21.7076,2.03214,10.5052,-0.170632,-0.335964
-104.27,70.5085,-21.7305,2.61096,10.3597,-0.221134,-0.313262
-103.987,71.5446,-21.7577,3.15883,10.1802,-0.267392,-0.293287
-103.651,72.5624,-21.7891,3.67356,9.97423,-0.307082,-0.271783
-103.264,73.5578,-21.8238,4.15274,9.74804,-0.336991,-0.245099
-102.831,74.5306,-21.8619,4.59633,9.50289,-0.357535,-0.223429
-102.353,75.4785,-21.9021,5.00525,9.24847,-0.366289,-0.198182
-101.835,76.4009,-21.944,5.37944,8.9911,-0.359952,-0.169945
-101.278,77.2969,-21.9855,5.7254,8.73095,-0.342684,-0.143808
-100.688,78.1641,-22.0234,6.04739,8.47356,-0.317369,-0.13493
-100.067,79.0035,-22.0571,6.35418,8.21164,-0.284679,-0.140184
-99.4148,79.8193,-22.0854,6.64951,7.93644,-0.250879,-0.129892
-98.7338,80.6059,-22.1104,6.93362,7.65494,-0.216913,-0.126333
-98.026,81.3662,-22.1335,7.21003,7.36847,-0.188245,-0.134755
-97.2915,82.0964,-22.1538,7.47173,7.0743,-0.156186,-0.124988
-96.5306,82.7984,-22.1738,7.72432,6.77334,-0.132677,-0.127276
-95.681,83.5207,-22.1934,7.98219,6.43624,-0.108792,-0.124364
-94.9356,84.1068,-22.2067,8.18887,6.14509,-0.0934062,-0.125903
-94.1041,84.7123,-22.2186,8.40457,5.82665,-0.0728517,-0.121669
-93.2508,85.2857,-22.2288,8.60437,5.50188,-0.0558465,-0.130946
-92.3775,85.8263,-22.2376,8.79073,5.17458,-0.0420121,-0.117739
-91.487,86.3336,-22.245,8.95845,4.84537,-0.0295253,-0.126444
-90.5808,86.8081,-22.2503,9.11591,4.51445,-0.0164814,-0.113522
-89.66,87.2477,-22.2537,9.25857,4.18711,-0.00461945,-0.110064
-88.7261,87.6527,-22.2558,9.38554,3.85933,0.00762464,-0.108364
-87.7797,88.0274,-22.2617,9.5031,3.53206,0.016883,-0.108994
-86.8224,88.3687,-22.2665,9.60668,3.20986,0.0227864,-0.104609
-85.854,88.6784,-22.2703,9.69899,2.89117,0.0307443,-0.0948024
-84.8768,88.9555,-22.2725,9.78363,2.57649,0.0400172,-0.0904567
-83.8937,89.2018,-22.2763,9.84967,2.2687,0.0450522,-0.0890649
-82.9053,89.4169,-22.2799,9.90696,1.9664,0.0500842,-0.0882588
-81.9115,89.6022,-22.2821,9.95578,1.66722,0.0542385,-0.0894372
-80.9134,89.7577,-22.283,9.9905,1.37559,0.0527913,-0.0833825
-79.9111,89.8844,-22.2847,10.0189,1.09356,0.0522346,-0.0758597
-78.9059,89.9829,-22.287,10.0377,0.817988,0.0538318,-0.0714759
-77.8998,90.0532,-22.2874,10.0488,0.554172,0.0568217,-0.0622053
-76.8935,90.0966,-22.2866,10.052,0.296065,0.0598693,-0.0580621
-75.886,90.1157,-22.2866,10.0509,0.048906,0.0610836,-0.057441
-74.8793,90.1099,-22.285,10.0427,-0.189047,0.0641838,-0.0511197
-73.8745,90.0835,-22.2865,10.0265,-0.416019,0.0627941,-0.0463314
-72.8717,90.0346,-22.2878,10.0088,-0.63527,0.0617923,-0.0470362
-71.8695,89.9638,-22.2895,9.98385,-0.846196,0.0583806,-0.0435501
-70.8702,89.8715,-22.2903,9.95204,-1.04762,0.0515901,-0.0454355
-69.8749,89.7604,-22.2926,9.91799,-1.23741,0.0456136,-0.0359011
-68.8839,89.6309,-22.2944,9.87634,-1.41703,0.0436675,-0.0308495
-67.8984,89.4843,-22.2978,9.83309,-1.58577,0.0361878,-0.0294979
-66.9182,89.3215,-22.3019,9.78687,-1.74367,0.0283201,-0.0263604
-65.9425,89.1439,-22.3059,9.73817,-1.89122,0.0221765,-0.0218166
-64.9712,88.953,-22.3092,9.69028,-2.03081,0.0192925,-0.0151207
-64.0046,88.7468,-22.3112,9.64862,-2.16143,0.02333,-0.00712918
-63.0419,88.5269,-22.3116,9.61317,-2.28538,0.0343388,0.00310184
-62.0834,88.2965,-22.3122,9.58124,-2.40266,0.0480758,0.00227793
-61.1282,88.0543,-22.3114,9.54969,-2.51302,0.0562868,-0.00262052
-60.1764,87.8004,-22.3113,9.5142,-2.61583,0.0592224,-0.010456
-59.2278,87.5359,-22.3104,9.48254,-2.71032,0.0613748,0.000164017
-58.2828,87.2625,-22.31,9.45376,-2.79887,0.0655682,-0.00530939
-57.3406,86.9803,-22.3085,9.42611,-2.88094,0.0701647,-0.00278324
-56.401,86.6902,-22.3071,9.40259,-2.95881,0.0745177,0.00496078
-55.4636,86.3927,-22.3054,9.38235,-3.02903,0.0794313,0.00287387
-54.5272,86.0881,-22.305,9.36086,-3.09561,0.0794864,-0.00110112
-53.5921,85.7766,-22.3048,9.34505,-3.15934,0.0788594,-0.00382344
-52.6587,85.4586,-22.3019,9.32779,-3.21606,0.080585,-0.00449705
-51.727,85.1346,-22.2978,9.30845,-3.27152,0.0754087,-0.0102366
-50.798,84.8066,-22.2959,9.28673,-3.32058,0.0707307,0.000172944
-49.871,84.4739,-22.2942,9.26833,-3.36536,0.0674153,-0.00497762
-48.9456,84.1363,-22.292,9.25251,-3.4059,0.0649548,-0.0015243
-48.0214,83.7944,-22.2891,9.24056,-3.44479,0.0638754,-0.00144644
-47.0981,83.4515,-22.2886,9.23225,-3.47845,0.0646527,0.00175151
-46.1756,83.1055,-22.2881,9.22268,-3.50828,0.0678472,0.00253738
-45.2558,82.7585,-22.2888,9.21537,-3.53364,0.0710967,0.00541367
-44.3372,82.409,-22.2898,9.20953,-3.55737,0.0749478,0.007681
-43.4196,82.0582,-22.2911,9.2061,-3.57608,0.0791359,0.00676335
-42.5028,81.7058,-22.2931,9.20071,-3.59356,0.0804146,0.00330186
-41.5137,81.3236,-22.295,9.19536,-3.61107,0.0766829,-0.00141424
-40.6721,80.9967,-22.2968,9.18509,-3.62284,0.069549,-0.0107638
-39.7578,80.6386,-22.298,9.16759,-3.63221,0.0577394,-0.0105082
-38.8442,80.2781,-22.2987,9.1503,-3.64136,0.0456842,-0.013188
-37.9329,79.9196,-22.3027,9.13007,-3.64709,0.0310096,-0.00442516
-37.0231,79.5596,-22.3072,9.1126,-3.6508,0.0234743,-0.00268022
-36.1143,79.2007,-22.3146,9.09304,-3.65264,0.019452,0.000283017
-35.2071,78.8407,-22.3213,9.0757,-3.6535,0.0186695,0.00153121
-34.3027,78.4822,-22.3294,9.05875,-3.65122,0.0172297,0.00654269
-33.4001,78.1234,-22.337,9.04699,-3.65358,0.0233562,0.0127599
-32.4988,77.7652,-22.3443,9.03818,-3.65358,0.0349995,0.0148915
-31.5985,77.4074,-22.3509,9.03492,-3.65208,0.047093,0.0179093
-30.6961,77.0505,-22.3544,9.03434,-3.64918,0.0657841,0.0131638
-29.7923,76.694,-22.355,9.03454,-3.64882,0.0820327,0.0122079
-28.8882,76.3351,-22.3524,9.04068,-3.64999,0.0952939,0.0111373
-27.9836,75.9742,-22.347,9.04404,-3.65023,0.103788,0.0121523
-27.0785,75.6156,-22.3439,9.04792,-3.64876,0.109161,0.00456009
-26.1729,75.2559,-22.3393,9.05395,-3.64836,0.113303,0.0025765
-25.2667,74.8946,-22.3334,9.06089,-3.6487,0.113289,-0.000520689
-24.3597,74.532,-22.3264,9.06932,-3.64939,0.114182,-0.00660597
-23.451,74.1728,-22.3232,9.07655,-3.64698,0.113805,0.00653493
-22.5416,73.8138,-22.3199,9.08529,-3.64442,0.111965,0.00829285
-21.6318,73.457,-22.3175,9.0935,-3.64219,0.109707,-0.00248121
-20.7217,73.1004,-22.3145,9.1012,-3.64084,0.106986,0.001155
-19.8112,72.7449,-22.3134,9.10625,-3.63746,0.101722,-0.00128473
-18.9003,72.39,-22.3134,9.11045,-3.63397,0.0966511,-0.00573264
-17.9893,72.0352,-22.3129,9.11035,-3.63042,0.0855018,-0.00796772
-17.0785,71.6816,-22.3129,9.10867,-3.6265,0.0767437,-0.000252191
-16.1679,71.3258,-22.3116,9.10776,-3.61982,0.0715461,-0.00430663
-15.2571,70.9683,-22.3093,9.10576,-3.61803,0.0652021,-0.0030044
-14.3426,70.613,-22.31,9.10512,-3.61199,0.0597517,-0.000938979
-13.4285,70.2568,-22.31,9.1044,-3.60996,0.0555744,-0.00120073
-12.5152,69.9018,-22.3093,9.10207,-3.60551,0.0525641,-0.000732601
-11.6027,69.5467,-22.3077,9.10294,-3.59976,0.0492897,0.00271108
-10.6911,69.1933,-22.3063,9.10205,-3.59723,0.0508303,0.000668142
-9.78021,68.8398,-22.3046,9.10023,-3.59188,0.0501588,-0.00359998
-8.86794,68.4869,-22.3042,9.10075,-3.5878,0.0500608,0.00418838
-7.95464,68.1343,-22.304,9.10305,-3.58497,0.0516475,0.0135233
-7.04044,67.7811,-22.3031,9.10689,-3.58059,0.0517384,0.00829867
-6.12568,67.4275,-22.3015,9.11159,-3.5778,0.0524058,1.03861e-05
-5.21152,67.0726,-22.2989,9.11656,-3.5778,0.054797,-0.00011521
-4.29789,66.7167,-22.2954,9.11703,-3.5762,0.0520562,-0.00118844
-3.38433,66.3618,-22.2932,9.11588,-3.5748,0.0476623,-0.00186716
-2.47135,66.0065,-22.2911,9.11434,-3.5729,0.0404833,-0.00584174
-1.55747,65.6516,-22.2895,9.11091,-3.57267,0.0309738,-0.00135116
-0.644011,65.2963,-22.2883,9.11092,-3.57167,0.0248996,-0.00387775
0.272143,64.9411,-22.2887,9.11212,-3.56749,0.0194949,-0.00608554
1.18797,64.5857,-22.2898,9.11159,-3.56629,0.0182117,0.00112471
2.17639,64.1998,-22.2915,9.11272,-3.56735,0.0179088,-5.35834e-05
3.01762,63.8701,-22.2925,9.11521,-3.56864,0.0212039,0.00477088
3.93246,63.5109,-22.2922,9.11999,-3.57068,0.0265068,0.00630824
4.84758,63.1514,-22.2906,9.12506,-3.57286,0.0286503,0.00518627
5.76358,62.7921,-22.2888,9.13133,-3.57297,0.0355827,0.00431044
6.75396,62.4043,-22.2866,9.13637,-3.57358,0.0370331,0.00429664
7.59691,62.074,-22.2842,9.14026,-3.57601,0.0361416,0.000620782
8.51289,61.7148,-22.2824,9.14372,-3.57847,0.0357946,-0.00235128
9.4301,61.354,-22.2795,9.14895,-3.5781,0.0309587,-0.00766824
10.3469,60.9934,-22.277,9.1452,-3.57658,0.0180956,-0.0129314
11.2653,60.6316,-22.2764,9.14288,-3.57475,0.00412181,-0.0159012
12.1831,60.2701,-22.2773,9.13511,-3.57374,-0.0125909,-0.0102563
13.0999,59.9083,-22.2797,9.12677,-3.5732,-0.0217503,-0.0109586
14.0154,59.5469,-22.2831,9.11904,-3.57088,-0.0271694,-0.00534736
14.9308,59.1858,-22.2876,9.11135,-3.56573,-0.0320397,0.000417925
15.8457,58.8252,-22.2934,9.10089,-3.56019,-0.0400081,-0.00281566
16.7596,58.465,-22.2981,9.09292,-3.55683,-0.0441998,-0.00276318
17.6724,58.1054,-22.3022,9.08249,-3.55225,-0.0431661,0.000989293
18.583,57.7473,-22.3062,9.0751,-3.5478,-0.0381642,0.00272006
19.4921,57.3903,-22.3093,9.07204,-3.54448,-0.0297855,0.0102984
20.4012,57.0318,-22.3105,9.07169,-3.54192,-0.0174388,0.00836011
21.31,56.6738,-22.3103,9.07316,-3.53908,-0.00497048,0.0166667
22.2207,56.3149,-22.3093,9.07703,-3.53574,0.00304987,0.00433215
23.1313,55.9569,-22.3079,9.07912,-3.53445,0.0083529,-0.00130142
24.0435,55.5978,-22.3054,9.08083,-3.53029,0.0110072,0.00857107
